{
    "domain": {
        "name": "has",
        "secrets": [
            {
                "name": "aai",
                "values": {
                    "username": "oof@oof.onap.org",
                    "password": "demo123456!"
                }
            },
            {
                "name": "conductor_api",
                "values": {
                    "username": "admin1",
                    "password": "plan.15"
                }
            },
            {
                "name": "sdnc",
                "values": {
                    "username": "admin",
                    "password": "Kp8bJ4SXszM0WXlhak3eHlcse2gAw84vaoGGmJvUy2U"
                }
            },
            {
                "name": "music_api",
                "values": {
                    "aafuser": "conductor",
                    "aafpass": "c0nduct0r",
                    "aafns": "conductor"
                }
            },
            {
                "name": "aaf_api",
                "values": {
                    "username": "aaf_admin@people.osaaf.org",
                    "password": "demo123456!",
                    "aaf_conductor_user": "oof@oof.onap.org"
                }
            }
        ]
    }
}
